Station,ID,Elev (feet),Latitude,Longitude,County,River Basin,
ABBEY,ABY,5650,39.955,-120.538,PLUMAS,FEATHER R,
ADIN MOUNTAIN,ADI,6200,41.237,-120.793,MODOC,PIT R,
ADIN RS,ADN,4195,41.194,-120.944,MODOC,PIT R,
AGNEW PASS,AGP,9450,37.72663,-119.14173,MADERA,SAN JOAQUIN R,
ALPHA,APH,7600,38.804138,-120.215645,EL DORADO,AMERICAN R,
ALPINE LAKE,APN,654,37.94,-122.637,MARIN,COAST-MARIN,
ALTURAS RS,ALT,4400,41.5,-120.55,MODOC,PIT R,
AMERICAN R AT FOLSOM,AMF,0,38.683,-121.183,SACRAMENTO,AMERICAN R,
AMERICAN RIVER PUMP STATION,APS,480,38.9,-121.1,SACRAMENTO,AMERICAN R,
ANGWIN PACIFIC UNION COL,APU,1815,38.5731,-122.4406,NAPA,NAPA R,
ANTELOPE LAKE,ANT,4960,40.18,-120.607,PLUMAS,FEATHER R,
ANTELOPE RIDGE,ANR,5650,40.155,-120.542,PLUMAS,FEATHER R,
ANTELOPE SPRINGS,ATS,4350,38.503,-120.467,AMADOR,MOKELUMNE R,
ANTHONY PEAK,ATP,6200,39.842,-122.95,TEHAMA,STONY CR,
ARROYO SECO (PASADENA),ASP,1398,34.222,-118.177,LOS ANGELES,LOS ANGELES R,
ARROYO SECO NR SOLEDAD,ASS,399,36.280521,-121.322708,MONTEREY,SALINAS R,
ARROYO VALLE NR LIVERMORE,AVL,510,37.623264,-121.758842,ALAMEDA,EAST BAY,
ASH CREEK,ASH,5000,41.4,-122.05,SISKIYOU,MC CLOUD R,
ASH MOUNTAIN,ASM,1708,36.483,-118.833,TULARE,KAWEAH R,
ATWELL CAMP,ATW,6400,36.464,-118.631,TULARE,KAWEAH R,
AUBERRY 2 NW,ABR,2090,37.083,-119.5,FRESNO,SAN JOAQUIN R,
AUBURN,AUB,1292,38.917,-121.083,PLACER,AMERICAN R,
BADGER FLAT,BDF,8300,37.265,-119.108,FRESNO,SAN JOAQUIN R,
BAKERSFIELD AIRPORT,BFK,494,35.434,-119.054,KERN,TULARE LAKE,
BALCH PH (PG&E),BAL,1720,36.909,-119.089,FRESNO,KINGS R,
BANGOR CANAL,BNG,815,39.504,-121.454,BUTTE,FEATHER R,
BARRETT,BRT,1607,32.678,-116.669,SAN DIEGO,SAN DIEGO R,
BARSTOW,BFS,2320,34.9,-117.017,SAN BERNARDINO,MOJAVE R,
BEACH MEADOWS,BHM,7650,36.122,-118.293,TULARE,KERN R,
BEAR BASIN,BBS,6500,40.967,-122.867,TRINITY,TRINITY R,
BEAR RIVER AT CAMP FAR WEST DAM,CFW,260,39.05,-121.317,YUBA,BEAR R,
BEAR TRAP MEADOW,BRM,6800,36.676,-118.858,TULARE,KAWEAH R,
BEAR VALLEY DAM,BRV,6743,34.242,-116.978,SAN BERNARDINO,SANTA ANA R,
BEAR VALLEY RIDGE 1,BV1,6700,38.618,-120.228,AMADOR,MOKELUMNE R,
BEARD MEADOW,BMD,9800,37.113,-118.837,FRESNO,KINGS R,
BEARDSLEY LAKE,BRD,3398,38.203,-120.075,TUOLUMNE,STANISLAUS R,
BEEHIVE MEADOW,BHV,6500,37.995,-119.78,TUOLUMNE,TUOLUMNE R,
BELL MEADOW,BEM,6500,38.167,-119.942,TUOLUMNE,TUOLUMNE R,
BENCH LAKE,BNH,10600,36.958,-118.445,FRESNO,KINGS R,
BERRYESSA,BER,456,38.513,-122.104,NAPA,PUTAH CR,
BIG BAR,BGB,1270,40.733,-123.2,TRINITY,TRINITY R,
BIG BEAR LAKE,BBE,6790,34.247,-116.891,SAN BERNARDINO,SANTA ANA R,
BIG CREEK 1,BGC,4878,37.205,-119.24,FRESNO,SAN JOAQUIN R,
BIG FLAT (COURSE),BFT,5100,41.077,-122.938,TRINITY,TRINITY R,
BIG MEADOW,BGM,6550,38.417,-120.113,CALAVERAS,STANISLAUS R,
BIG MEADOWS,BMS,7600,36.715,-118.842,TULARE,KINGS R,
BIG PINE CREEK 1,BP1,10000,37.125,-118.483,INYO,OWENS R,
BIG PINE CREEK 2,BP2,9700,37.127,-118.47,INYO,OWENS R,
BIG PINE CREEK 3,BP3,9800,37.128,-118.475,INYO,OWENS R,
BIG SUR STATE PARK,BGS,240,36.247,-121.811,MONTEREY,SALINAS R,
BIG WHITNEY MEADOW,BWH,9750,36.44,-118.255,TULARE,KERN R,
BIGHORN PLATEAU,BGH,11350,36.615,-118.377,TULARE,KERN R,
BISHOP,BIS,4140,37.35,-118.4,INYO,OWENS R,
BISHOP LAKE,BSP,11300,37.123,-118.545,INYO,OWENS R,
BISHOP PASS,BSH,11200,37.1,-118.557,FRESNO,KINGS R,
BLACK BUTTE,BLB,426,39.808,-122.329,TEHAMA,STONY CR,
BLACK SPRINGS,BLS,6500,38.375,-120.192,CALAVERAS,STANISLAUS R,
BLACKCAP BASIN,BCB,10300,37.06668,-118.77301,FRESNO,KINGS R,
BLACKS MOUNTAIN,BMN,6700,40.762,-121.195,LASSEN,PIT R,
BLOODS CREEK,BLD,7200,38.45,-120.033,ALPINE,STANISLAUS R,
BLUE CANYON,BLC,5280,39.28011,-120.70871,PLACER,AMERICAN R,
BLUE CANYON (DWR-2),BYM,5280,39.283,-120.7,PLACER,AMERICAN R,
BLUE LAKE RANCH,BLU,6800,41.15,-120.25,LASSEN,PIT R,
BLUE LAKES,BLK,8000,38.613,-119.931,ALPINE,MOKELUMNE R,
BLYTHE,BLY,390,33.617,-114.717,RIVERSIDE,COLORADO R,
BOCA,BCA,5575,39.383,-120.1,NEVADA,TRUCKEE R,
BOCA RESERVOIR,BOC,5521,39.383,-120.1,NEVADA,TRUCKEE R,
BODIE,BDE,8370,38.217,-119.017,MONO,WALKER R,
BOND PASS,BNP,9300,38.178,-119.623,TUOLUMNE,TUOLUMNE R,
BONITA MEADOWS,BNM,8300,36.038,-118.328,TULARE,KERN R,
BOWMAN,BOW,5385,39.45,-120.65,NEVADA,YUBA R,
BOWMAN LAKE,BOL,5390,39.4481,-120.6536,NEVADA,YUBA R,
BOWMAN LAKE,BOM,5650,39.458,-120.6,NEVADA,YUBA R,
BOWMAN LAKE,BWN,5566,39.45,-120.652,NEVADA,YUBA R,
BOX CAMP,BXC,6450,41.597,-123.165,SISKIYOU,SCOTT R,
BREWER CREEK,BWR,6250,41.435,-122.1,SISKIYOU,MC CLOUD R,
BRIDGEPORT,BPT,6650,38.272,-119.289,MONO,WALKER R,
BRIDGEPORT R S,BDG,6470,38.25,-119.233,MONO,WALKER R,
BRIDGEPORT RESERVOIR,BDP,6466,38.325,-119.211,MONO,WALKER R,
BRIONES DAM,BIO,588,37.9151,-122.207,CONTRA COSTA,EAST BAY,
BROWNS CAMP,BCP,5400,39.9,-121.257,PLUMAS,FEATHER R,
BRUSH CREEK (DWR-2),BCM,3560,39.694,-121.34,BUTTE,FEATHER R,
BUCHANAN DAM,BUC,450,37.213,-119.97,MADERA,CHOWCHILLA R,
BUCKS CREEK POWERHOUSE,BUP,1760,39.917,-121.333,PLUMAS,FEATHER R,
BUCKS LAKE STORAGE,BCL,5168,39.897,-121.202,PLUMAS,FEATHER R,
BULLFROG LAKE,BLF,10650,36.77,-118.398,FRESNO,KINGS R,
BURNEY SPRINGS,BNS,4700,40.78,-121.617,SHASTA,PIT R,
BUTT VALLEY,BTV,4144,40.187,-121.186,PLUMAS,FEATHER R,
CACHUMA LAKE,CCH,781,34.583,-119.98,SANTA BARBARA,SANTA YNEZ R,
CALAVERAS,CVE,775,37.492,-121.818,ALAMEDA,ALAMEDA CR,
CALAVERAS BIG TREES,CVT,4695,38.283,-120.317,CALAVERAS,STANISLAUS R,
CALLAHAN,CAL,3185,41.317,-122.8,SISKIYOU,SCOTT R,
CAMANCHE RESERVOIR,CMN,236,38.225,-121.021,SAN JOAQUIN,MOKELUMNE R,
CAMINO CONDUIT,CCN,9999,38.714,-120.563,EL DORADO,AMERICAN R,
CAMP PARDEE,CPD,658,38.25,-120.867,CALAVERAS,MOKELUMNE R,
CAMPTONVILLE (DWR),CAM,2755,39.451,-121.049,YUBA,YUBA R,
CANYON DAM,CNY,4560,40.167,-121.083,PLUMAS,FEATHER R,
CAPLES (TWIN) LAKE,CPT,8000,38.7,-120.033,ALPINE,AMERICAN R,
CAPLES LAKE,CAP,8000,38.71,-120.042,ALPINE,AMERICAN R,
CAPLES LAKE (EID),CPL,7800,38.707,-120.048,ALPINE,AMERICAN R,
CARIBOU PH,CBO,2986,40.085,-121.15,PLUMAS,FEATHER R,
CASA VIEJA MEADOWS,CSV,8300,36.1981,-118.26768,TULARE,KERN R,
CASCADE DITCH,CSD,9999,39.01,-121.06,NEVADA,YUBA R,
CASITAS,CSI,335,34.373,-119.332,VENTURA,VENTURA R,
CASTAIC,CAS,1535,34.5152,-118.6101,LOS ANGELES,SANTA CLARA R,
CASTLE CREEK 5,CC5,7400,39.353,-120.353,NEVADA,YUBA R,
CEDAR PASS,CDP,7100,41.583,-120.303,MODOC,PIT R,
CEDAR SPRINGS,CDS,6500,34.355,-117.883,none specified,MOJAVE DESERT,
CEDARVILLE,CDV,4670,41.533,-120.167,MODOC,SURPRISE VALLEY,
CHABOT,CHB,250,37.73,-122.122,ALAMEDA,ALAMEDA CR,
CHALK BLUFF,CHK,4850,39.305,-120.81,NEVADA,YUBA R,
CHAPMAN CREEK,CMC,5850,39.633,-120.533,SIERRA,YUBA R,
CHARLOTTE RIDGE,CLT,10700,36.77,-118.415,FRESNO,KINGS R,
CHERRY LAKE,CHY,4715,37.976,-119.913,TUOLUMNE,TUOLUMNE R,
CHERRY VALLEY DAM,CVD,4765,37.967,-119.917,TUOLUMNE,TUOLUMNE R,
CHESTER,CHS,4525,40.283,-121.233,PLUMAS,FEATHER R,
CHESTER FLAT,CHF,4600,40.283,-121.25,PLUMAS,FEATHER R,
CHICO UNIV FARM,CES,185,39.7,-121.817,BUTTE,SACTO VLY NE,
CHILKOOT LAKE,CKT,7450,37.408,-119.48,MADERA,SAN JOAQUIN R,
CHILKOOT MEADOW,CHM,7150,37.41,-119.49,MADERA,SAN JOAQUIN R,
CHINA LAKE ARMITAGE,CNL,2220,35.683,-117.683,KERN,CHINA LAKE,
CHIQUITO CREEK,CHQ,6800,37.498,-119.408,MADERA,SAN JOAQUIN R,
CHURCH MEADOWS,CHU,6700,39.682,-120.623,SIERRA,FEATHER R,
CISCO,CCO,5900,39.303,-120.543,PLACER,YUBA R,
CLARK FORK MEADOW,CFM,8900,38.362,-119.68,ALPINE,STANISLAUS R,
CLEAR LK - CACHE CREEK,CLA,1336,38.957,-122.642,LAKE,CACHE CR,
CLEAR LK - KLAMATH R,CLK,4552,41.927,-121.075,MODOC,KLAMATH R,
CLOVER MEADOW,CLM,7000,37.528,-119.275,MADERA,SAN JOAQUIN R,
COALINGA,CLN,670,36.136,-120.361,FRESNO,SAN JOAQUIN R,
COFFEE CREEK RANGER STATION,CFF,2503,41.0894,-122.7086,TRINITY,TRINITY R,
COGSWELL RESERVOIR,CGS,2405,34.245,-117.965,LOS ANGELES,SAN GABRIEL R,
COLBY MEADOW,CBM,9700,37.178,-118.72,FRESNO,SAN JOAQUIN R,
COLFAX,CLF,2400,39.122,-120.951,PLACER,AMERICAN R,
COLORADO R-LEES FERY,CLD,9999,36.865,-111.588,none specified,COLORADO R,
CORA LAKES,CRA,8400,37.598,-119.267,MADERA,SAN JOAQUIN R,
CORRAL FLAT,CRF,7200,38.625,-120.218,EL DORADO,MOKELUMNE R,
CORRAL MEADOW,CRM,6650,38.398,-120.04,TUOLUMNE,STANISLAUS R,
COSUMNES R AT MICHIGAN BAR,CSN,168,38.5,-121.044,SACRAMENTO,COSUMNES R,
COTTONWOOD GATES,CTT,3775,36.417,-118.033,INYO,OWENS R,
COTTONWOOD LAKES 1,CW1,10150,36.483,-118.177,INYO,OWENS R,
COTTONWOOD PASS,CWP,11050,36.45,-118.217,TULARE,KERN R,
COURTRIGHT,CUR,8350,37.072,-118.965,FRESNO,KINGS R,
COURTRIGHT (PG&E),CTG,8192,37.072,-118.967,FRESNO,KINGS R,
COVELO 1 NNE,COV,1514,39.833,-123.083,MENDOCINO,EEL R,
COYOTE LAKE,CYT,8850,37.208,-119.073,FRESNO,SAN JOAQUIN R,
COYOTE RES-STA CLARA,CYC,755,37.118,-121.549,SANTA CLARA,SANTA CLARA VLY,
CRABTREE MEADOW,CBT,10700,36.563683,-118.347946,TULARE,KERN R,
CRANE VALLEY,CNV,3380,37.283,-119.517,MADERA,SAN JOAQUIN R,
CRANE VALLEY RESERVOIR (PG&E),CRR,3400,37.291,-119.526,MADERA,SAN JOAQUIN R,
CRESCENT CITY MC NAMARA FIELD,CEC,56,41.78,-124.24,DEL NORTE,SMITH R,
CROOKED CREEK (LONG VALLEY),CRC,6800,37.583,-118.7,MONO,OWENS R,
CUYAMACA DAM,CUY,4641,32.99,-116.587,SAN DIEGO,SAN DIEGO R,
D S CANAL,DCN,2900,39.26,-120.96,NEVADA,YUBA R,
DANA MEADOWS,DAN,9800,37.897,-119.257,TUOLUMNE,TUOLUMNE R,
DAVIS 2WSW,DVS,60,38.533,-121.767,SACRAMENTO,SACTO VLY WEST,
DE SABLA (PG&E),DSB,2710,39.867,-121.617,BUTTE,BUTTE CR,
DEAD HORSE CANYON,DHC,4500,41.208,-121.775,SISKIYOU,MC CLOUD R,
DEAD HORSE MEADOW,DHM,7300,35.873,-118.587,TULARE,KERN R,
DEADFALL LAKES,DDF,7200,41.318,-122.503,TRINITY,TRINITY R,
DEADMAN CREEK,DDM,9250,38.331596,-119.654114,TUOLUMNE,STANISLAUS R,
DEATH VALLEY,DTV,-194,36.467,-116.867,INYO,AMARGOSA R,
DEER CK FOREBAY (PG&E),DRC,4455,39.3,-120.825,NEVADA,YUBA R,
DEER CREEK NR SMARTVILLE,YBD,630,39.224,-121.268,NEVADA,YUBA R,
DEL VALLE,DLV,703,37.614,-121.745,ALAMEDA,ALAMEDA CR,
DEVILS POSTPILE,DPO,7569,37.62941,-119.08467,MADERA,SAN JOAQUIN R,
DIAMOND CROSSING,DMN,6050,39.112,-120.283,PLACER,AMERICAN R,
DIAMOND VALLEY,DMV,1756,33.67,-117.066,RIVERSIDE,SANTA MARGARITA R,
DODSONS MEADOW,DSM,8050,37.092,-118.958,FRESNO,KINGS R,
DON PEDRO RESERVOIR,DNP,830,37.702,-120.421,TUOLUMNE,TUOLUMNE R,
DONNELLS,DON,4835,38.329,-119.96,TUOLUMNE,STANISLAUS R,
DONNER LAKE (STORAGE),DNL,5938,39.324,-120.233,NEVADA,TRUCKEE R,
DONNER MEM ST PARK,DMS,5937,39.317,-120.233,NEVADA,TRUCKEE R,
DONNER SUMMIT,DNS,6900,39.31,-120.338,PLACER,YUBA R,
DOWNIEVILLE,DWV,2915,39.5667,-120.8333,SIERRA,YUBA R,
DOYLE,DYL,4240,40.033,-120.1,LASSEN,SUSAN R,
DRUM CANAL,DRM,4750,39.264,-120.73,PLACER,YUBA R,
DUNSMUIR TREATMENT PLANT,DNM,2170,41.2,-122.267,SISKIYOU,SACRAMENTO R,
DUTCH LAKE,DTL,9100,37.258,-118.997,FRESNO,SAN JOAQUIN R,
DWINNELL,DWN,2792,41.541,-122.376,SISKIYOU,SHASTA R,
DYNAMITE MEADOW,DYM,5700,41.233,-122.817,SISKIYOU,SCOTT R,
EAGLE CREEK,EGL,6700,35.983,-118.641,TULARE,TULE R,
EAGLE MEADOW,EGM,7500,38.288,-119.832,TUOLUMNE,STANISLAUS R,
EAST FK CARSON RIVER NR GARDNERVILLE,EFC,4985,38.847,-119.703,State of Nevada,CARSON R,
EAST PARK RESERVOIR,EPK,1205,39.367,-122.517,COLUSA,STONY CR,
EAST PIUTE PASS,EPP,10800,37.235,-118.687,INYO,OWENS R,
EAST WALKER RIVER NR BRIDGEPORT,EWR,6400,38.328,-119.214,MONO,WALKER R,
ECHO LAKE CONDUIT,ECH,7420,38.831,-120.037,EL DORADO,AMERICAN R,
ECHO PEAK 5,EP5,7800,38.849,-120.079,EL DORADO,LAKE TAHOE,
ECHO SUMMIT,ECS,7450,38.82852,-120.03898,EL DORADO,AMERICAN R,
EEL RIVER AT SCOTIA,ERS,36,40.492,-124.099,HUMBOLDT,EEL R,
EL CAPITAN DAM,ELC,600,32.882,-116.808,SAN DIEGO,SAN DIEGO R,
ELLERY LAKE,ELL,9600,37.938,-119.248,MONO,MONO LAKE,
ELLERY LAKE,ERY,9645,37.934967,-119.232201,MONO,MONO LAKE,
ELSINORE,ELS,1285,33.667,-117.333,RIVERSIDE,SANTA ANA R,
EMERALD LAKE,EML,10600,37.183,-118.762,FRESNO,SAN JOAQUIN R,
ENGLEBRIGHT (USACE),ENG,551,39.239,-121.267,NEVADA,YUBA R,
ENGLISH MOUNTAIN,ENM,7100,39.436,-120.525,NEVADA,YUBA R,
ETNA MOUNTAIN,ETN,5900,41.4,-123.001,SISKIYOU,SCOTT R,
EUREKA BOWL,ERB,6800,39.755,-120.72,PLUMAS,FEATHER R,
EUREKA LAKE,EUR,6200,39.762,-120.713,PLUMAS,FEATHER R,
EUREKA WOODLEY ISLAND,ERK,20,40.8,-124.167,HUMBOLDT,EEL R,
FAIRFIELD,FRF,40,38.267,-122.067,SOLANO,NAPA R,
FAIRMONT,FMT,3060,34.7,-118.433,LOS ANGELES,MOJAVE DESERT,
FAREWELL GAP,FRW,9500,36.415089,-118.578903,TULARE,KAWEAH R,
FEATHER DIVERSION FROM L TRUCKEE R,FTT,9999,39.5,-120.34,SIERRA,FEATHER R,
FEATHER RIVER AT OROVILLE,FTO,149,39.522,-121.547,BUTTE,FEATHER R,
FEATHER RIVER MEADOW,FEM,5400,40.355,-121.422,LASSEN,FEATHER R,
FEATHER RIVER NEAR NICOLAUS,NIC,43,38.889835,-121.604759,SUTTER,FEATHER R,
FIDDLETOWN,FDD,2160,38.533,-120.7,AMADOR,COSUMNES R,
FINDLEY PEAK,FNP,6500,39.47,-120.572,NEVADA,YUBA R,
FLORENCE LAKE,FLC,7200,37.277,-118.962,FRESNO,SAN JOAQUIN R,
FLORENCE LAKE (SCE),FLR,7325,37.267,-118.967,FRESNO,SAN JOAQUIN R,
FOLSOM DAM - FOLSOM POINT (DYKE 8),FLD,350,38.693054,-121.129723,SACRAMENTO,AMERICAN R,
FOLSOM LAKE,FOL,466,38.683,-121.183,SACRAMENTO,AMERICAN R,
FOLSOM SOUTH CANAL,FSC,132,38.65,-121.183,SACRAMENTO,AMERICAN R,
FORBESTOWN DITCH (OROV-WYAN CANAL),FBD,3166,39.55,-121.18,BUTTE,FEATHER R,
FORESTHILL R S,FRH,3015,39.017,-120.85,PLACER,AMERICAN R,
FORKED MEADOW CREEK,FKM,5800,37.034,-119.097,FRESNO,KINGS R,
FORT BIDWELL,FBW,4500,41.85,-120.133,MODOC,SURPRISE VALLEY,
FORT JONES RS,FJN,2725,41.6,-122.85,SISKIYOU,SCOTT R,
FORT ROSS,FRR,112,38.517,-123.25,SONOMA,RUSSIAN R,
FRED MEADOW,FDM,6950,37.023,-119.08,FRESNO,KINGS R,
FREDONYER PASS 3,FP3,5850,40.375,-120.872,LASSEN,FEATHER R,
FREEL BENCH,FBN,7300,38.85,-119.95,EL DORADO,LAKE TAHOE,
FRENCH LAKE,FRL,6664,39.44,-120.544,NEVADA,YUBA R,
FRENCH MEADOWS,FMD,5263,39.112,-120.468,PLACER,AMERICAN R,
FRENCHMAN COVE,FCV,5800,39.897,-120.265,PLUMAS,FEATHER R,
FRENCHMAN DAM,FRD,5517,39.883,-120.183,PLUMAS,FEATHER R,
FRESNO WB AIRPORT,FRO,328,36.767,-119.717,FRESNO,TULARE LAKE,
FRIANT DAM (MILLERTON),MIL,581,37.001,-119.705,FRESNO,SAN JOAQUIN R,
FRIANT GOVERNMENT CAMP,FGC,410,36.983,-119.717,FRESNO,SAN JOAQUIN R,
FURNACE FLAT,FNF,6700,39.355,-120.503,NEVADA,YUBA R,
GASQUET RANGER STATION,GAS,384,41.85,-123.967,DEL NORTE,SMITH R,
GEM LAKE,GLK,9054,37.752,-119.14,MONO,MONO LAKE,
GEM LAKE,GML,9150,37.752,-119.162,MONO,MONO LAKE,
GEM PASS,GEM,10750,37.78,-119.17,MONO,MONO LAKE,
GEORGETOWN RS (USFS),GRG,3001,38.933,-120.8,EL DORADO,AMERICAN R,
GERBER,GBR,9999,42.205,-121.13,SISKIYOU,KLAMATH R,
GIANELLI MEADOW,GNL,8400,38.204308,-119.893188,TUOLUMNE,STANISLAUS R,
GIANT FOREST,GFR,6400,36.57,-118.768,TULARE,KAWEAH R,
GIANT FOREST (USACE),GNF,6650,36.562,-118.765,TULARE,KAWEAH R,
GIBRALTAR DAM,GBL,1399,34.526,-119.686,SANTA BARBARA,SANTA YNEZ R,
GIBSON,GIB,1633,41.0225,-122.3992,SHASTA,SACRAMENTO R,
GIBSON MAINTENANCE STATION,GBS,1650,41.025,-122.41,SHASTA,SACRAMENTO R,
GIBSONVILLE,GBN,5400,39.725,-120.932,SIERRA,YUBA R,
GIN FLAT (COURSE),GFL,7000,37.765,-119.773,MARIPOSA,MERCED R,
GLENBROOK 2 (NEVADA),GL2,6900,39.083,-119.908,State of Nevada,LAKE TAHOE,
GLENVILLE FS,GLV,3140,35.717,-118.7,KERN,KERN R,
GRANT GROVE,GNG,6600,36.742,-118.963,TULARE,KINGS R,
GRANT GROVE,GRO,6600,36.733,-118.967,TULARE,KINGS R,
GRANT LAKE,GNT,7140,37.862,-119.102,MONO,MONO LAKE,
GRASS VALLEY,GSV,2400,39.217,-121.067,NEVADA,YUBA R,
GRAY ROCK LAKES,GYR,6200,41.217,-122.417,SISKIYOU,SACRAMENTO R,
GRIZZLY RIDGE,GRZ,6900,39.917,-120.645,PLUMAS,FEATHER R,
GROVELAND R S,GVL,3145,37.817,-120.1,TUOLUMNE,TUOLUMNE R,
GROVER HOT SPRINGS,GHS,5820,38.694,-119.817,ALPINE,CARSON R,
GUYOT FLAT,GYF,10650,36.523,-118.348,TULARE,KERN R,
HAIWEE,HWE,3774,36.137,-117.948,INYO,OWENS R,
HAMS STATION,HMS,5500,38.543,-120.377,AMADOR,MOKELUMNE R,
HANFORD REFINERY,HND,242,36.333,-119.667,KINGS,TULARE LAKE,
HAPPY CAMP RS,HAP,1120,41.8,-123.367,SISKIYOU,KLAMATH R,
HARKNESS FLAT,HRF,6200,40.418,-121.275,LASSEN,FEATHER R,
HARRISON GULCH RS,HRR,2750,40.367,-122.967,SHASTA,SACTO VLY WEST,
HAT CREEK #1 PH (PG&E),HTC,3015,40.933,-121.55,LASSEN,PIT R,
HEART LAKE,HRT,10100,37.272,-118.877,FRESNO,SAN JOAQUIN R,
HELL HOLE (PCWA),HHL,4630,39.058,-120.407,PLACER,AMERICAN R,
HELLS KITCHEN,HLK,6550,38.417,-120.1,CALAVERAS,STANISLAUS R,
HELMS MEADOW,HLM,8250,37.122,-119.005,FRESNO,KINGS R,
HENDRICKS CANAL,HDC,9999,39.934,-121.529,BUTTE,FEATHER R,
HENSHAW,HNS,2740,33.24,-116.762,SAN DIEGO,SAN DIEGO R,
HENSHAW DAM,HSD,2700,33.233,-116.767,SAN DIEGO,SAN DIEGO R,
HERRING CREEK,HRG,7300,38.242,-119.942,TUOLUMNE,STANISLAUS R,
HETCH HETCHY,HTH,3870,37.95,-119.783,TUOLUMNE,TUOLUMNE R,
HIDDEN DAM (HENSLEY),HID,561,37.2,-119.917,MADERA,FRESNO R,
HIGHLAND LAKES,HIG,6030,41.093,-122.483,TRINITY,TRINITY R,
HIGHLAND MEADOW,HHM,8700,38.487312,-119.805748,ALPINE,MOKELUMNE R,
HOCKETT MEADOW (USACE),HCK,8500,36.371,-118.651,TULARE,KAWEAH R,
HOCKETT MEADOWS,HKM,8500,36.382,-118.655,TULARE,KAWEAH R,
HOLLISTER,HLS,275,36.844,-121.424,SAN BENITO,PAJARO R,
HOOPA,HOO,333,41.05,-123.667,HUMBOLDT,TRINITY R,
HORSE CORRAL MEADOW,HCM,7600,36.752,-118.75,FRESNO,KINGS R,
HORSE MEADOW,HRS,8400,38.158,-119.662,TUOLUMNE,TUOLUMNE R,
HOSSACK,HSS,7100,36.181,-118.619,TULARE,TULE R,
HUCKLEBERRY LAKE,HCL,7800,38.102,-119.745,TUOLUMNE,TUOLUMNE R,
HUMBUG SUMMIT 2,HS2,4850,40.187,-121.298,PLUMAS,FEATHER R,
HUNTINGTON LAKE,HTT,7000,37.228,-119.222,FRESNO,SAN JOAQUIN R,
HUNTINGTON LAKE (USBR),HNT,7000,37.228,-119.221,FRESNO,SAN JOAQUIN R,
HUYSINK,HYS,6600,39.282,-120.527,PLACER,AMERICAN R,
ICE HOUSE,IHS,5300,38.812,-120.375,EL DORADO,AMERICAN R,
ICE HOUSE (SMUD),ICH,5454,38.824,-120.359,EL DORADO,AMERICAN R,
IMPERIAL VALLEY,IMP,-64,32.85,-115.57,IMPERIAL,COLORADO R,
INDEPENDENCE,IPN,3950,36.798,-118.204,INYO,OWENS R,
INDEPENDENCE LAKE,INL,6952,39.45,-120.283,SIERRA,TRUCKEE R,
INDIAN VALLEY,INV,1502,39.083,-122.533,LAKE,CACHE CR,
IRON CANYON,IRC,2675,41.045,-121.981,SHASTA,PIT R,
ISABELLA DAM,ISB,2635,35.646,-118.473,KERN,KERN R,
ISLIP 2,IS2,7400,34.355,-117.84,LOS ANGELES,MOJAVE DESERT,
JACKASS MEADOW,JCM,6950,37.497,-119.33,MADERA,SAN JOAQUIN R,
JACKSON MEADOWS (NEVADA CO WD),JCK,6037,39.509,-120.552,NEVADA,YUBA R,
JACKSON MEADOWS (SNOW COURSE),JKM,5950,39.5,-120.553,NEVADA,YUBA R,
JENKINSON LAKE,JNK,3482,38.713,-120.56,EL DORADO,COSUMNES R,
JESS VALLEY,JSV,5300,41.27,-120.3,MODOC,PIT R,
JUDGE F CARR PH,JCR,9999,40.647,-122.626,SHASTA,SACTO VLY WEST,
JUNCAL DAM,JNL,2075,34.483,-119.5,SANTA BARBARA,SANTA YNEZ R,
JUNCTION MEADOW,JNM,8250,36.755,-118.438,FRESNO,KINGS R,
KAISER PASS,KSR,9100,37.295,-119.102,FRESNO,SAN JOAQUIN R,
KAWEAH R-TERMINUS DM,KWT,475,36.412,-119.003,TULARE,KAWEAH R,
KENT,KNT,415,37.997,-122.702,MARIN,COAST-MARIN,
KERN PH 3,KP3,2703,35.775902,-118.436058,KERN,KERN R,
KERN R INTAKE NO. 3,KR3,3650,35.95,-118.48,KERN,KERN R,
KERN R-BAKERSFIELD,KRB,9999,35.432,-118.945,KERN,KERN R,
KERN R-BLW ISABELLA,KRI,2435,35.639,-118.484,KERN,KERN R,
KERRICK CORRAL,KRC,7000,38.177,-119.96,TUOLUMNE,TUOLUMNE R,
KESWICK RESERVOIR,KES,596,40.612104,-122.445699,SHASTA,SACRAMENTO R,
KETTLE ROCK,KTL,7300,40.14,-120.715,PLUMAS,FEATHER R,
KINGS R-PINE FLAT DAM,KGF,970,36.831,-119.335,FRESNO,KINGS R,
KLAMATH R AT IRON GATE,KLI,2162,41.928,-122.443,SISKIYOU,KLAMATH R,
KLAMATH R AT ORLEANS,KLO,356,41.304,-123.533,ALPINE,KLAMATH R,
KLAMATH RIVER AT ORLEANS,OLS,430,41.303459,-123.5345,HUMBOLDT,KLAMATH R,
LAGUNA BEACH,LGB,35,33.547,-117.78,ORANGE,SANTA ANA R,
LAGUNITAS LAKE,LGT,799,37.947,-122.597,MARIN,COAST-MARIN,
LAKE ALMANOR,ALM,4600,40.218,-121.173,PLUMAS,FEATHER R,
LAKE ARROWHEAD,ARR,5205,34.25,-117.183,SAN BERNARDINO,MOJAVE DESERT,
LAKE AUDRAIN,ABN,7300,38.81983,-120.03932,EL DORADO,AMERICAN R,
LAKE BRITTON,BIT,2744,41.022,-121.676,SHASTA,PIT R,
LAKE CROWLEY,CRW,6797,37.604,-118.707,MONO,OWENS R,
LAKE DAVIS (DWR),DAV,5768,39.883,-120.467,PLUMAS,FEATHER R,
LAKE ELEANOR,ENR,4660,37.974,-119.88,TUOLUMNE,TUOLUMNE R,
LAKE FORDYCE,FOD,6500,39.36,-120.5,NEVADA,YUBA R,
LAKE HAVASU,HVS,451,34.317,-114.156,SAN BERNARDINO,COLORADO R,
LAKE HEMET,HMT,4202,33.666,-116.705,RIVERSIDE,SAN JACINTO R,
LAKE HENNESSEY,HNN,331,38.482,-122.372,NAPA,NAPA R,
LAKE HODGES,HDG,315,33.046,-117.128,SAN DIEGO,SAN DIEGUITO R,
LAKE JENNINGS,JNN,707,32.854,-116.892,SAN DIEGO,SAN DIEGO R,
LAKE LUCILLE,LLL,8200,38.86,-120.112,EL DORADO,LAKE TAHOE,
LAKE MATHEWS,MHW,1404,33.833,-117.46,RIVERSIDE,SANTA ANA AB NARROWS,
LAKE MC SWAIN,MCS,425,37.52,-120.309,MARIPOSA,MERCED R,
LAKE MCCLOUD,MCO,2700,41.135,-122.074,SHASTA,MC CLOUD R,
LAKE MCCLURE,MCR,867,37.584,-120.267,MARIPOSA,MERCED R,
LAKE MEAD,MEA,3700,36.016,-114.736,State of Arizona,COLORADO R,
LAKE MENDOCINO,MNC,760,39.199,-123.182,MENDOCINO,RUSSIAN R,
LAKE MOHAVE,MHV,644,35.197,-114.567,State of Nevada,COLORADO R,
LAKE NATOMA (NIMBUS DAM),NAT,132,38.65,-121.183,SACRAMENTO,AMERICAN R,
LAKE PALMDALE,LPA,2980,34.5372,-118.1014,LOS ANGELES,MOJAVE DESERT,
LAKE PILLSBURY,PLL,1807,39.408,-122.958,LAKE,EEL R,
LAKE PIRU,PRU,213,34.461,-118.751,VENTURA,PIRU CR,
LAKE POWELL,PWL,3700,36.937,-111.493,State of Arizona,COLORADO R,
LAKE SABRINA,SBN,9065,37.217,-118.617,INYO,OWENS R,
LAKE SAN ANTONIO,ATN,779,35.798,-120.883,MONTEREY,SALINAS R,
LAKE SILVERWOOD,SLW,3331,34.304,-117.318,SAN BERNARDINO,MOJAVE R,
LAKE SPAULDING,SPD,5200,39.317,-120.642,PLACER,YUBA R,
LAKE SPAULDING (PG&E),LSP,5156,39.317,-120.633,NEVADA,YUBA R,
LAKE SPAULDING S YUBA SYSTEM,BWS,5390,39.441,-120.658,NEVADA,YUBA R,
LAKE TAHOE,TAH,6221,39.181,-120.118,PLACER,TRUCKEE R,
LAKE THOMAS A EDISON,THE,7800,37.382,-119.02,FRESNO,SAN JOAQUIN R,
LAKE VALLEY CANAL,LVC,5410,39.299,-120.642,PLACER,AMERICAN R,
LAKE VALLEY RESERVOIR,LVY,5855,39.3,-120.583,PLACER,AMERICAN R,
LANCASTER FSS FAA,LNC,2340,99.999,-999.999,LOS ANGELES,MOJAVE DESERT,
LEAVITT LAKE,LVT,9600,38.282,-119.621,MONO,WALKER R,
LEMON COVE,LMC,513,36.383,-119.033,TULARE,KAWEAH R,
LEROY ANDERSON,LRA,640,37.165,-121.632,SANTA CLARA,SANTA CLARA VLY,
LETTERBOX,LTT,5600,39.857,-121.263,PLUMAS,FEATHER R,
LEWISTON,LEW,1870,40.727,-122.793,TRINITY,TRINITY R,
LEWISTON FISH HATCHERY,LFH,1870,40.727,-122.793,TRINITY,TRINITY R,
LEXINGTON,LXN,5600,39.68,-121.005,none specified,YUBA R,
LEXINGTON RESERVOIR,LNG,659,37.202,-121.988,SANTA CLARA,SANTA CLARA VLY,
LINDSAY,LND,420,36.2,-119.05,TULARE,TULARE LAKE,
LITTLE GRASS VALLEY,LGV,5047,39.724,-121.019,PLUMAS,FEATHER R,
LITTLE SHASTA,LSH,6200,41.808,-122.195,SISKIYOU,SHASTA R,
LITTLE WHITNEY MEADOW,LWM,8500,36.378,-118.347,TULARE,KERN R,
LOBDELL LAKE,LBD,9200,38.44,-119.377,MONO,WALKER R,
LODGEPOLE,LDG,6735,36.6,-118.733,TULARE,KAWEAH R,
LONG MEADOW (KINGS R),LMD,8500,37.13,-118.92,FRESNO,KINGS R,
LOON LAKE (SMUD),LON,6410,38.983,-120.323,EL DORADO,AMERICAN R,
LOS ANGELES CIVIC CENTER,LCC,270,34.05,-118.233,LOS ANGELES,LOS ANGELES R,
LOS ANGELES-WSO AIRPORT,LAN,100,33.933,-118.4,LOS ANGELES,VENTURA LA COASTAL,
LOS BANOS,LSB,120,37.05,-120.867,MERCED,SAN JOAQUIN FLOOR,
LOS VAQUEROS RESERVOIR,LVQ,472,37.838,-121.726,CONTRA COSTA,KELLOGG CREEK,
LOST CORNER MOUNTAIN,LCR,7500,39.017,-120.215,EL DORADO,AMERICAN R,
LOVELAND RESERVOIR,LVD,1366,32.779,-116.792,SAN DIEGO,SWEETWATER R,
LOWER BEAR,LWB,5824,38.538,-120.257,AMADOR,MOKELUMNE R,
LOWER CARSON PASS,LCP,8400,38.693,-119.998,ALPINE,AMERICAN R,
LOWER CRYSTAL SPRINGS RESERVOIR,CRY,293,37.53,-122.36,SAN MATEO,SAN MATEO CREEK,
LOWER KIBBIE,LKB,6700,38.033,-119.878,TUOLUMNE,TUOLUMNE R,
LOWER LASSEN PEAK,LLP,8250,40.466602,-121.50811,SHASTA,FEATHER R,
LOWER OTAY,LOT,485,32.609,-116.927,SAN DIEGO,OTAY R,
LOWER RELIEF VALLEY,REL,8100,38.242917,-119.762917,TUOLUMNE,STANISLAUS R,
LUMBERYARD 2,LB2,6500,38.545,-120.305,AMADOR,MOKELUMNE R,
LYONS CREEK,LYN,6700,38.812,-120.243,EL DORADO,AMERICAN R,
LYONS RESERVOIR,LYS,4134,38.094,-120.166,TUOLUMNE,STANISLAUS R,
LYTLE CREEK R S,LYT,2730,34.233,-117.483,SAN BERNARDINO,SANTA ANA R,
MADERA,MDR,270,36.95,-120.033,MADERA,SAN JOAQUIN FLOOR,
MAMMOTH,MMT,8300,37.62,-118.992,MONO,OWENS R,
MAMMOTH PASS (LADWP),MAM,9300,37.61,-119.033,MONO,OWENS R,
MAMMOTH POOL,MPL,3330,37.329,-119.328,FRESNO,SAN JOAQUIN R,
MANZANITA LAKE,MZL,5850,40.533,-121.567,SHASTA,PIT R,
MARIPOSA RANGER STATION,MRP,2250,37.504166,-119.986946,MARIPOSA,MERCED R,
MARKLEEVILLE,MKV,5530,38.7,-119.783,ALPINE,CARSON R,
MARTIS CREEK RESERVOIR,MRT,5745,39.327,-120.113,NEVADA,TRUCKEE R,
MATILIJA DAM,MAT,1138,34.486,-119.307,VENTURA,VENTURA R,
MCCLOUD,MLD,3280,41.25,-122.133,SHASTA,MC CLOUD R,
MCCLOUD RIVER ABOVE SHASTA LAKE,MSS,1100,40.958,-122.219,SHASTA,MC CLOUD R,
MCCLOUD TUNNEL,MCT,9999,41.135,-122.074,SHASTA,MC CLOUD R,
MCELROY PASS,MCP,5300,40.695,-121.48,SHASTA,PIT R,
MEADOW LAKE,MWL,7200,39.417,-120.508,NEVADA,YUBA R,
MEDICINE LAKE,MDC,6700,41.587,-121.613,SISKIYOU,PIT R,
MERCED,MFS,153,37.283,-120.517,MERCED,SAN JOAQUIN FLOOR,
MERCED R NR MERCED FALLS,MRC,311,37.522,-120.331,MERCED,MERCED R,
MERCED RIVER-NORTH SIDE CANAL,MDS,9999,37.52,-120.309,MERCED,MERCED R,
MIDDLE BOULDER 1,MBL,6600,41.217,-122.807,SISKIYOU,SCOTT R,
MIDDLE BOULDER 3,MB3,6200,41.225,-122.811,SISKIYOU,SCOTT R,
MILL CREEK FLAT,MLF,5900,39.942,-121.19,PLUMAS,FEATHER R,
MINARETS 2,MN2,9000,37.663,-119.017,MONO,OWENS R,
MINERAL (OBSERVER),MNR,4875,40.35,-121.6,TEHAMA,SACTO VLY NE,
MINERAL KING,MNK,8000,36.437,-118.587,TULARE,KAWEAH R,
MIOCENE CANAL,MIC,1000,39.69,-121.56,BUTTE,FEATHER R,
MIRAMAR,MMR,720,32.9,-117.1,SAN DIEGO,SAN DIEGO R,
MIRANDA CABIN,MCB,6200,39.12,-120.362,PLACER,AMERICAN R,
MOCCASIN,MCN,938,37.810184,-120.299006,TUOLUMNE,TUOLUMNE R,
MODESTO IRRIG DISTRICT OFFICE,MDE,91,37.65,-121.001,STANISLAUS,TUOLUMNE R,
MODESTO RESERVOIR,MDO,210,37.657,-120.675,STANISLAUS,TUOLUMNE R,
MOKELUMNE-MOKELUMNE HILL,MKM,575,38.313,-120.719,AMADOR,MOKELUMNE R,
MONO PASS,MNP,11450,37.438,-118.773,FRESNO,SAN JOAQUIN R,
MONTEREY AIRPORT,MTY,217,36.590557,-121.847504,MONTEREY,CARMEL R,
MORENA DAM,MOR,3053,32.683,-116.55,SAN DIEGO,SAN DIEGO R,
MOUNT DYER 1,MDY,7100,40.243,-121.035,LASSEN,FEATHER R,
MOUNT DYER 2,MD2,6050,40.258,-121.047,LASSEN,FEATHER R,
MOUNT HAMILTON,HML,4206,37.333,-121.65,SANTA CLARA,SF BAY,
MOUNT HOUGH,MHG,6700,40.042,-120.878,PLUMAS,FEATHER R,
MOUNT ROSE,MRO,9000,39.353,-119.898,State of Nevada,TRUCKEE R,
MOUNT SHASTA,MSH,7900,41.372,-122.23,SISKIYOU,SACRAMENTO R,
MOUNT SHASTA CITY,MSC,3590,41.317,-122.317,SISKIYOU,SACRAMENTO R,
MOUNT STOVER,MSV,5600,40.293,-121.292,PLUMAS,FEATHER R,
MOUNT WILSON NO 2,WLS,5709,34.233,-118.067,LOS ANGELES,VENTURA LA COASTAL,
MOUNTAIN HOME,MNH,5400,36.242,-118.71,TULARE,TULE R,
MOUNTAIN MEADOWS,MMW,5046,40.283,-121.017,LASSEN,FEATHER R,
MOUNTAIN PASS,MTP,4730,35.467,-115.533,SAN BERNARDINO,MOJAVE DESERT,
MUMBO BASIN,MUM,5650,41.197,-122.523,TRINITY,TRINITY R,
MURRAY RES,MRR,542,32.782,-117.047,SAN DIEGO,SAN DIEGO R,
NACIMIENTO,NCM,784,35.758,-120.884,SAN LUIS OBISPO,NACIMIENTO R,
NACIMIENTO R BLW DAM,NCD,597,35.761356,-120.855461,SAN LUIS OBISPO,NACIMIENTO R,
NAPA FIRE DEPARTMENT,NSH,35,38.283,-122.267,NAPA,NAPA R,
NAPA R NR ST HELENA,NPH,170,38.498,-122.427,NAPA,NAPA R,
NEEDLES,NDL,480,34.833,-114.6,SAN BERNARDINO,COLORADO R,
NELLIE LAKE,NLL,8000,37.257,-119.225,FRESNO,SAN JOAQUIN R,
NEVADA CITY,NVD,2781,39.25,-121.001,NEVADA,YUBA R,
NEW BULLARDS BAR,BUL,1965,39.393,-121.14,YUBA,YUBA R,
NEW EXCHEQUER-LK MCCLURE,EXC,879,37.585,-120.27,MARIPOSA,MERCED R,
NEW GRACE MEADOW,NGM,8900,38.15,-119.617,TUOLUMNE,TUOLUMNE R,
NEW HOGAN LAKE,NHG,554,38.152,-120.812,CALAVERAS,CALAVERAS R,
NEW MANZANITA LAKE,NMN,5900,40.533,-121.562,SHASTA,PIT R,
NEW MELONES DAM HQ,NMQ,960,38,-120.49,TUOLUMNE,STANISLAUS R,
NEW MELONES RESERVOIR,NML,1135,37.9481,-120.525,CALAVERAS,STANISLAUS R,
NIAGARA FLAT,NGF,6500,38.327,-119.912,TUOLUMNE,STANISLAUS R,
NICASIO,NCA,180,38.075,-122.757,MARIN,COAST-MARIN,
NILAND,NLD,-60,33.283,-115.517,IMPERIAL,COLORADO R,
NORTH FORK R S,NFR,2630,37.233,-119.5,MADERA,SAN JOAQUIN R,
NORTH FORK SACRAMENTO R,NFS,6900,41.305,-122.493,TRINITY,SACRAMENTO R,
NORTH LAKE,NTH,9300,37.228,-118.62,INYO,OWENS R,
NORTHERN SIERRA 8-STATION PRECIP INDEX,8SI,0,39.9,-120.9,PLUMAS,SACRAMENTO R,
NORVELL FLAT,NRF,5700,40.482,-121.007,LASSEN,SUSAN R,
OAKDALE CANAL,OKC,350,37.859,-120.632,TUOLUMNE,TUOLUMNE R,
OATS MEADOW,OWW,5000,39.711728,-120.971153,PLUMAS,FEATHER R,
OCEANSIDE MARINA,OSM,10,33.217,-117.4,SAN DIEGO,SAN DIEGO R,
OLD ENTERPRISE MILL,OEM,6600,36.243,-118.678,TULARE,TULE R,
ONEILL FOREBAY,ONF,225,37.067,-121.067,MERCED,SAN JOAQUIN VLY WEST,
ONION CREEK,ONN,6100,39.275,-120.358,PLACER,AMERICAN R,
ORLAND,ORL,254,39.75,-122.2,GLENN,SACTO VLY WEST,
OROVILLE DAM,ORO,900,39.54,-121.493,BUTTE,FEATHER R,
OROVILLE-THERMALITO COMPLEX,ORT,9999,39.54,-121.493,BUTTE,FEATHER R,
OSTRANDER LAKE,STR,8200,37.637,-119.55,MARIPOSA,MERCED R,
OWENS RIVER BELOW TINEMAHA RESERVOIR,OTR,3882,37.058,-118.225,INYO,OWENS R,
OWENS RIVER-LONG VLY,OWL,2065,37.5875,-118.7084,MONO,OWENS R,
OXNARD,OXN,49,34.2,-119.183,VENTURA,SANTA CLARA R,
PACIFIC HOUSE (OBSERVER),PCF,3400,38.765,-120.5,EL DORADO,AMERICAN R,
PACIFIC VALLEY,PFV,7500,38.517,-119.9,ALPINE,MOKELUMNE R,
PALERMO CANAL,PLC,548,39.533,-121.482,BUTTE,FEATHER R,
PALM SPRINGS,PMS,425,33.833,-116.5,RIVERSIDE,WHITEWATER R,
PANOCHE 2W,PNH,1320,36.6,-120.867,SAN BENITO,SAN JOAQUIN FLOOR,
PANTHER MEADOW,PTM,8600,36.58681,-118.71587,TULARE,KAWEAH R,
PARADISE FIRE STATION,PRD,1750,39.75,-121.617,BUTTE,BUTTE CR,
PARADISE MEADOW,PDS,7650,38.047,-119.67,TUOLUMNE,TUOLUMNE R,
PARDEE,PAR,568,38.25,-120.85,CALAVERAS,MOKELUMNE R,
PARKS CREEK,PRK,6700,41.367,-122.55,SISKIYOU,SHASTA R,
PASCOES,PSC,9150,35.967,-118.35,TULARE,KERN R,
PEREGOY MEADOWS,PGM,7000,37.667,-119.625,MARIPOSA,MERCED R,
PERRIS,PRR,1600,33.858,-117.183,RIVERSIDE,SAN JACINTO R,
PHILLIPS,PHL,6800,38.818,-120.072,EL DORADO,AMERICAN R,
PILOT PEAK (DWR),PLP,6800,39.785892,-120.877777,PLUMAS,FEATHER R,
PINE FLAT DAM,PNF,970,36.833,-119.325,FRESNO,KINGS R,
PINECREST (PG&E),PCR,5600,38.2,-119.983,TUOLUMNE,STANISLAUS R,
PIONEER BASIN,PNB,10400,37.457,-118.795,FRESNO,SAN JOAQUIN R,
PIT #1 PH (PG&E),PR1,2880,41,-121.498,SHASTA,PIT R,
PIT R PH #6,PT6,32,40.842,-122.001,SHASTA,PIT R,
PIT R PH #7,PT7,1036,40.843,-122.015,SHASTA,PIT R,
PIT RIVER AT SHASTA LAKE,PSH,1036,40.843,-122.016,SHASTA,PIT R,
PIUTE PASS,PPS,11300,37.24,-118.687,FRESNO,SAN JOAQUIN R,
PLACERVILLE,PCV,1850,38.7,-120.82,EL DORADO,AMERICAN R,
PLASKETT MEADOWS,PSM,6000,39.725,-122.85,GLENN,EEL R,
PLUMAS EUREKA PARK,PLE,5165,39.75778,-120.69593,PLUMAS,FEATHER R,
PODESTA,PDT,7200,38.605,-120.228,EL DORADO,MOKELUMNE R,
POISON MEADOW,PMD,6800,37.397,-119.518,MADERA,SAN JOAQUIN R,
PORTOLA,PRT,4850,39.8,-120.467,PLUMAS,FEATHER R,
POST CORRAL MEADOW,PRM,8200,37.122,-118.895,FRESNO,KINGS R,
POTTER VALLEY PH,PVP,1020,39.367,-123.133,MENDOCINO,RUSSIAN R,
PRIEST VALLEY,PSV,2300,36.183,-120.7,MONTEREY,SALINAS R,
PROSSER CREEK RESERVOIR,PRS,5622,39.3794,-120.1367,NEVADA,TRUCKEE R,
PYRAMID,PYM,2606,34.644153,-118.764528,LOS ANGELES,U SANTA CLARA R,
QUAKING ASPEN,QKA,7000,36.122,-118.545,TULARE,TULE R,
QUINCY RADIO STATION,QRD,3420,39.9366,-120.9475,PLUMAS,FEATHER R,
QUINCY RS (USFS),QNC,3420,39.96,-120.95,PLUMAS,FEATHER R,
QUINN RANGER STATION,QRS,8350,36.328,-118.573,TULARE,KERN R,
RAFFERTY MEADOWS,RFM,9400,37.837,-119.325,TUOLUMNE,TUOLUMNE R,
RAILROAD CANYON,RLC,1398,33.675,-117.272,RIVERSIDE,SANTA ANA R,
RAMSHAW MEADOWS,RMM,8700,36.352,-118.265,TULARE,KERN R,
RATTLESNAKE CREEK BA,RTT,9900,36.982,-118.72,FRESNO,KINGS R,
RED BLUFF,RBF,353,40.152,-122.254,TEHAMA,SACTO VLY WEST,
RED MOUNTAIN,RDM,7200,39.343,-120.508,NEVADA,YUBA R,
RED ROCK MOUNTAIN,RRM,6700,41.023,-122.885,TRINITY,TRINITY R,
REDINGER LAKE,RDN,1403,37.145,-119.449,MADERA,SAN JOAQUIN R,
RELIEF,RLF,7220,38.267,-119.733,TUOLUMNE,STANISLAUS R,
RELIEF DAM,RLD,7250,38.28,-119.73,TUOLUMNE,STANISLAUS R,
RICHARDSONS 2,RCH,6500,38.917,-120.05,EL DORADO,LAKE TAHOE,
RIDGE TRAIL,RGT,7500,36.7513,-118.9478,FRESNO,KINGS R,
ROBBS VALLEY,RBV,5600,38.922,-120.38,EL DORADO,AMERICAN R,
ROBINSON COW CAMP SNOW COURSE,RCW,6480,39.6219,-120.681,SIERRA,YUBA R,
ROCK CREEK,RCR,9600,36.497,-118.333,TULARE,KERN R,
ROCK CREEK 1,RC1,8700,37.492,-118.717,MONO,OWENS R,
ROCK CREEK 2,RC2,9050,37.473,-118.717,MONO,OWENS R,
ROCK CREEK 3,RC3,10000,37.45,-118.742,INYO,OWENS R,
ROGERS CAMP,RGC,6200,36.108,-118.637,TULARE,TULE R,
ROLLINS,RLL,2176,39.135,-120.948,PLACER,BEAR R,
ROSE MARIE,RMR,10000,37.32,-118.872,FRESNO,SAN JOAQUIN R,
ROUND CORRAL,RDC,9000,36.993,-118.902,FRESNO,KINGS R,
ROUND MEADOW,RMD,9000,35.965,-118.36,TULARE,KERN R,
ROWELL MEADOW,RWM,8850,36.717,-118.737,TULARE,KINGS R,
ROWLAND CREEK,RWL,6700,40.013,-120.293,PLUMAS,FEATHER R,
RUBICON PEAK 1,RP1,8100,38.992,-120.142,EL DORADO,LAKE TAHOE,
RUBICON PEAK 2,RP2,7500,39.001,-120.14,EL DORADO,LAKE TAHOE,
RUSSIAN R NR HEALDSBERG,RRH,77,38.613,-122.835,SONOMA,RUSSIAN R,
RUSSIAN RIVER NEAR HEALDSBURG,HEA,108,38.613243,-122.83638,SONOMA,RUSSIAN R,
RUTH DAM,RTD,2675,40.367,-123.433,TRINITY,MAD R,
SAC REGIONAL WASTEWATER TREATMENT PLANT,SPE,0,38.441,-121.502,SACRAMENTO,SACRAMENTO R,
SACHSE SPRINGS 2,SA2,7900,38.085,-119.837,TUOLUMNE,TUOLUMNE R,
SACRAMENTO R AT DELTA,SDT,1075,40.94,-122.416,SHASTA,SACRAMENTO R,
SACRAMENTO RIVER ABV BEND BRIDGE,SBB,186,40.289,-122.186,TEHAMA,SACTO VLY NE,
SACRAMENTO WB CITY,SCR,25,38.583,-121.5,SACRAMENTO,SACTO VLY WEST,
SACTO INFLOW-SHASTA,SIS,2800,40.718,-122.42,SISKIYOU,PIT R,
SADDLEBAG LAKE,SDL,9750,37.957,-119.267,MONO,MONO LAKE,
SADDLEBAG LAKE RESERVOIR,SDB,10090,37.966,-119.272,MONO,MONO LAKE,
SAGEHEN CREEK,SGH,6337,39.433,-120.233,NEVADA,TRUCKEE R,
SALINAS NO2,SAP,45,36.667,-121.667,MONTEREY,SALINAS R,
SALINAS RIVER AT PASO ROBLES,PAS,700,35.628582,-120.684334,SAN LUIS OBISPO,SALINAS R,
SALMON R AT SOMES BAR,SRS,483,41.378,-123.476,SISKIYOU,SALMON R,
SALT SPRINGS,SLS,3700,38.497,-120.216,AMADOR,MOKELUMNE R,
SALT SPRINGS PH (PG&E),SSR,3700,38.498,-120.219,CALAVERAS,MOKELUMNE R,
SAN ANDREAS,SNN,456,37.578,-122.412,SAN MATEO,SF BAY,
SAN ANTONIO RESERVOIR,SAT,468,37.573,-121.848,ALAMEDA,ALAMEDA CR,
SAN DIEGO NWS-LINDBERGH FIELD,SDG,13,32.733,-117.167,SAN DIEGO,SAN DIEGO R,
SAN FRANCISCO WB AP,SFF,8,37.617,-122.383,SAN MATEO,SF BAY,
SAN GABRIEL,SGB,1481,34.207,-117.858,LOS ANGELES,SAN GABRIEL R,
SAN JOAQUIN 5-STATION PRECIP INDEX,5SI,0,37.74,-119.583,none specified,SAN JOAQUIN R,
SAN JOAQUIN RIVER BELOW FRIANT,SJF,294,36.984394,-119.724312,FRESNO,SAN JOAQUIN R,
SAN LUIS OBISPO POLY,SLO,315,35.3,-120.667,SAN LUIS OBISPO,SAN LUIS OBISPO CREEK,
SAN LUIS RESERVOIR,SNL,543,37.033,-121.133,MERCED,SAN LUIS CR,
SAN LUIS RESERVOIR (FEDERAL),SLF,543,37.001,-121.002,MERCED,SAN JOAQUIN VLY WEST,
SAN LUIS RESERVOIR (STATE),LUS,543,37.001,-121.002,MERCED,SAN JOAQUIN VLY WEST,
SAN PABLO,SPB,330,37.9423,-122.2587,CONTRA COSTA,SF BAY,
SAN VICENTE,SVT,560,32.912,-116.924,SAN DIEGO,SAN DIEGO R,
SAND FLAT (COURSE),SFT,6800,41.353,-122.247,SISKIYOU,SACRAMENTO R,
SANDY MEADOWS,SDM,10650,36.572,-118.367,TULARE,KERN R,
SANTA ANA FIRE STA,ANA,135,33.75,-117.867,ORANGE,SANTA ANA R,
SANTA ANA R NR MENTONE,ANM,1950,34.108,-117.1,SAN BERNARDINO,SANTA ANA R,
SANTA BARBARA SANITATION,SBR,5,34.417,-119.75,SANTA BARBARA,S BARBARA COAST,
SANTA CRUZ,CRZ,130,36.983,-122.017,SANTA CRUZ,SAN LORENZO R,
SANTA MARGARITA LAKE,SLN,1325,35.333,-120.502,SAN LUIS OBISPO,SALINAS R,
SANTA ROSA,SRO,109,38.445,-122.753,SONOMA,RUSSIAN R,
SANTIAGO CREEK RES (IRVINE LAKE),SGC,810,33.785,-117.723,ORANGE,SANTA ANA R,
SAPPS HOLLOW,SHW,6950,38.412,-120.028,TUOLUMNE,STANISLAUS R,
SARDINE FLAT,SRF,5800,39.622,-120.612,SIERRA,YUBA R,
SAWMILL,SWM,10200,37.16196,-118.56259,INYO,OWENS R,
SAWMILL RIDGE,SWL,8750,38.183,-119.35,none specified,WALKER R,
SCENIC MEADOW,SCE,9650,36.685,-118.597,TULARE,KINGS R,
SCOTIA,SCA,139,40.483,-124.1,HUMBOLDT,EEL R,
SCOTT RIVER NEAR FORT JONES,SFJ,2623,41.64069,-123.015038,SISKIYOU,KLAMATH R,
SCOTTS FLAT,SFL,3085,39.274,-120.917,NEVADA,YUBA R,
SESPE CREEK NR FILLMORE,SSP,565,34.441662,-118.927322,VENTURA,SANTA CLARA R,
SEVEN OAKS DAM,SVO,2610,34.1178,-117.0978,SAN BERNARDINO,SANTA ANA R,
SHASTA DAM (USBR),SHA,1067,40.718,-122.42,SHASTA,SACRAMENTO R,
SHASTA DAM (OBS),SHO,1075,40.717,-122.417,SHASTA,SACRAMENTO R,
SHAVER LAKE,SHV,5370,37.145,-119.302,FRESNO,SAN JOAQUIN R,
SHIMMY LAKE,SHM,6400,41.008,-122.8,TRINITY,TRINITY R,
SIBERIAN PASS,SIB,10900,36.473,-118.267,TULARE,KERN R,
SIERRAVILLE RS (USFS),SRR,4975,39.583,-120.367,SIERRA,FEATHER R,
SILVER LAKE,SIL,7100,38.678,-120.118,EL DORADO,AMERICAN R,
SILVER LAKE MEADOWS,SVR,6450,40.497,-121.153,LASSEN,SUSAN R,
SILVER LAKE RESERVOIR,SIV,7134,38.669,-120.121,AMADOR,AMERICAN R,
SKINNER,SKN,1479,33.583,-117.122,RIVERSIDE,SAN DIEGO R,
SLAB CREEK,SLB,1850,38.7725,-120.6994,EL DORADO,AMERICAN R,
SLATE CREEK,SLT,5700,41.045,-122.478,SHASTA,SACRAMENTO R,
SLATE CREEK TUNNEL,SLA,9999,39.616,-121.051,PLUMAS,YUBA R,
SLY CREEK,SLC,3536,39.584,-121.116,BUTTE,FEATHER R,
SLY PARK,SLP,3530,38.718,-120.563,EL DORADO,COSUMNES R,
SNOW FLAT,SNF,8700,37.827,-119.497,MARIPOSA,MERCED R,
SNOW MOUNTAIN,SMT,6050,40.767,-121.783,SHASTA,PIT R,
SODA CREEK FLAT,SCF,7800,38.27,-119.678,TUOLUMNE,STANISLAUS R,
SODA SPRINGS 1 E,SSG,6885,39.317,-120.367,NEVADA,YUBA R,
SONORA PASS,SRP,8750,38.313,-119.607,MONO,WALKER R,
SONORA RS,SOR,1749,37.983,-120.383,TUOLUMNE,TUOLUMNE R,
SOULAJULE DAM,SLJ,344,38.153,-122.782,MARIN,COAST-MARIN,
SOUTH CANAL FROM BEAR RIVER,BEV,1980,39.133,-120.953,PLACER,BEAR R,
SOUTH ENTRANCE YOSEMITE,SEY,5120,37.5,-119.633,MARIPOSA,MERCED R,
SOUTH LAKE,SLK,9600,37.175903,-118.56266,INYO,OWENS R,
SOUTH SAN JOAQUIN CANAL,SSJ,334,37.854,-120.637,AMADOR,CALAVERAS R,
SOUTH YUBA CANAL YB-31,Y31,9999,39.291897,-120.730219,NEVADA,YUBA R,
SOUTH YUBA CANAL YB-34,Y34,9999,39.290003,-120.732622,NEVADA,YUBA R,
SPICER MEADOWS,SPM,6516,38.393,-119.998,TUOLUMNE,STANISLAUS R,
SPOTTED FAWN,SPF,7800,38.092,-119.758,TUOLUMNE,TUOLUMNE R,
SPRING GAP FOREBAY (PG&E),SFB,5100,38.172,-120.103,CALAVERAS,STANISLAUS R,
SPRINGVILLE TULE POWERPLANT,SGV,4070,36.1631,-118.7072,TULARE,TULE R,
SQUAW VALLEY 2,SQ2,7700,39.188,-120.248,PLACER,TRUCKEE R,
STAMPEDE,STP,5956,39.471,-120.103,SIERRA,TRUCKEE R,
STANDISH HICKEY PARK,SNH,850,39.883,-123.733,MENDOCINO,EEL R,
STANISLAUS MEADOW,SLM,7750,38.5055,-119.9373,ALPINE,STANISLAUS R,
STANISLAUS R-GOODWIN,SNS,252,37.852,-120.637,CALAVERAS,STANISLAUS R,
STATUM MEADOW,SMD,8300,36.943,-118.913,FRESNO,KINGS R,
STOCKTON EAST TUNNEL,SET,252,37.852,-120.637,CALAVERAS,STANISLAUS R,
STOCKTON FIRE STATION 4,STK,12,38.001,-121.317,SAN JOAQUIN,SAN JOAQUIN FLOOR,
STONY GORGE RESERVOIR,STG,800,39.583,-122.533,GLENN,STONY CR,
STOUTS MEADOW,STM,5400,41.17,-121.938,SHASTA,MC CLOUD R,
STRAWBERRY,SWB,5620,38.2,-119.983,TUOLUMNE,STANISLAUS R,
STRAWBERRY VALLEY,STV,3808,39.567,-121.1,YUBA,FEATHER R,
STUMPY MEADOWS RESERVOIR(MARK EDSON DAM),EDN,4272,38.903,-120.603,EL DORADO,AMERICAN R,
SUCCESS DAM,SCC,692,36.061,-118.922,TULARE,TULE R,
SUNNYSIDE MEADOW,SSM,6300,39.697,-120.78,SIERRA,YUBA R,
SUSANVILLE,SSN,4148,40.367,-120.567,LASSEN,SUSAN R,
SUTHERLAND RESERVOIR,STD,2074,33.118,-116.787,SAN DIEGO,SAN DIEGUITO R,
SWAMPY JOHN,SWJ,5500,41.397,-122.993,SISKIYOU,SCOTT R,
SWEETWATER,SWT,5850,41.38197,-122.53529,SISKIYOU,SHASTA R,
SWEETWATER RESERVOIR,SW3,252,32.692,-117.007,SAN DIEGO,SWEETWATER R,
TAHOE CITY (NWS),TAC,6230,39.167,-120.133,PLACER,LAKE TAHOE,
TALBOT CAMP,TBC,5750,39.193,-120.377,PLACER,AMERICAN R,
TAMARACK CREEK,TMK,7250,37.178,-119.205,FRESNO,SAN JOAQUIN R,
TAMARACK FLAT,TMF,6550,38.803,-120.103,EL DORADO,AMERICAN R,
TENAYA LAKE,TNY,8150,37.838,-119.448,MARIPOSA,MERCED R,
TERMINUS DAM,TRM,752,36.415,-119.002,TULARE,KAWEAH R,
THERMALITO TOTAL,TMT,140,39.458,-121.638,BUTTE,FEATHER R,
THERMALITO AFTERBAY,TAB,140,39.45,-121.633,BUTTE,FEATHER R,
THERMALITO DIVERS POOL,THD,230,39.528,-121.543,BUTTE,FEATHER R,
THERMALITO FOREBAY,TFR,230,39.519,-121.629,BUTTE,FEATHER R,
THOMAS A EDISON,TAE,7642,37.37,-118.987,FRESNO,SAN JOAQUIN R,
THOUSAND LAKES,THL,6500,40.71,-121.577,SHASTA,PIT R,
THREE LAKES,3LK,6250,39.973,-121.213,PLUMAS,FEATHER R,
THREE RIVERS PH NO 1,3RV,1140,36.467,-118.867,TULARE,KAWEAH R,
TIGER CREEK POWERHOUSE,TCP,2360,38.45,-120.483,CALAVERAS,MOKELUMNE R,
TINEMAHA RESERVOIR,TNM,3882,37.058,-118.225,INYO,OWENS R,
TIOGA PASS,TGP,9800,37.917,-119.253,MONO,MONO LAKE,
TRACY CARBONA,TCR,140,37.7,-121.433,SAN JOAQUIN,SAN JOAQUIN FLOOR,
TRAGEDY CREEK,TRG,8150,38.63,-120.145,AMADOR,MOKELUMNE R,
TRAILHEAD,TRL,9100,36.337,-118.155,INYO,OWENS R,
TRINITY LAKE,CLE,2370,40.801,-122.762,TRINITY,TRINITY R,
TRINITY R AT LEWISTON,TNL,1816,40.719,-122.802,TRINITY,TRINITY R,
TRUCKEE RIVER AT FARAD,TRF,5153,39.428,-120.033,NEVADA,LAKE TAHOE,
TRUCKEE RIVER AT TAHOE,TKT,6217,39.164,-120.143,PLACER,LAKE TAHOE,
TRUCKEE RS (OBS),TKE,6020,39.333,-120.183,NEVADA,TRUCKEE R,
TULARE PRECIPITATION INDEX,6SI,0,36.288,-118.702,TULARE,TULARE LAKE,
TULLOCH,TUL,515,37.875,-120.603,CALAVERAS,STANISLAUS R,
TUOLUMNE CANAL NEAR LONG BARN,STU,4110,38.093,-120.167,TUOLUMNE,STANISLAUS R,
TUOLUMNE MEADOWS,TUM,8600,37.873,-119.35,TUOLUMNE,TUOLUMNE R,
TUOLUMNE R-LA GRANGE DAM,TLG,170,37.666,-120.441,STANISLAUS,TUOLUMNE R,
TURLOCK LAKE,TLC,244,37.6,-120.583,STANISLAUS,TUOLUMNE R,
TWENTYNINE PALMS,29P,1975,34.127,-116.037,SAN BERNARDINO,COLORADO R,
TYNDALL CREEK,TND,10650,36.632,-118.392,TULARE,KERN R,
U SAN LEANDRO,USL,477,37.7644,-122.1016,ALAMEDA,ALAMEDA CR,
UKIAH,UKH,633,39.15,-123.2,MENDOCINO,RUSSIAN R,
UNION VALLEY,UNV,4870,38.864,-120.438,EL DORADO,AMERICAN R,
UPPER BURNT CORRAL,UBC,9700,37.1833,-118.93829,FRESNO,KINGS R,
UPPER CARSON PASS,UCP,8500,38.695,-119.983,ALPINE,AMERICAN R,
UPPER KIBBIE RIDGE,UKR,6700,38.043,-119.887,TUOLUMNE,TUOLUMNE R,
UPPER KLAMATH,KLM,4097,42.25,-121.815,SISKIYOU,KLAMATH R,
UPPER TRUCKEE,UTR,6400,38.873,-119.983,EL DORADO,LAKE TAHOE,
UPPER WOODCHUCK MEADOW,UWD,9100,37.038,-118.903,FRESNO,KINGS R,
VAIL LAKE,VIL,1470,33.496,-116.976,RIVERSIDE,SANTA MARGARITA R,
VERNON LAKE,VNN,6700,38.017,-119.717,TUOLUMNE,TUOLUMNE R,
VINTON,VNT,4944,39.8,-120.183,PLUMAS,FEATHER R,
VIRGINIA LAKES,VGL,9400,38.057,-119.247,MONO,WALKER R,
VIRGINIA LAKES RIDGE,VRG,9300,38.077,-119.234,MONO,WALKER R,
VISALIA,VSL,325,36.333,-119.3,TULARE,TULARE LAKE,
VOLCANIC KNOB,VLC,10050,37.388,-118.903,FRESNO,SAN JOAQUIN R,
WABENA MEADOWS,WBM,6300,39.227,-120.402,PLACER,AMERICAN R,
WARD CREEK 2,WR2,7000,39.142,-120.225,PLACER,LAKE TAHOE,
WARM SPRINGS (USACE),WRS,440,38.723,-123.01,SONOMA,RUSSIAN R,
WARNER CREEK,WRN,5100,40.387,-121.31,LASSEN,FEATHER R,
WASCO,WSC,345,35.6,-119.333,KERN,TULARE LAKE,
WATSONVILLE WATER,WTW,95,36.933,-121.767,SANTA CRUZ,PAJARO R,
WEAVERVILLE RS,WVR,2050,40.733,-122.95,TRINITY,TRINITY R,
WEBBER LAKE,WBB,7000,39.485,-120.425,SIERRA,TRUCKEE R,
WEBBER PEAK,WPK,7800,39.483,-120.44,SIERRA,YUBA R,
WEST FORK CARSON RIVER AT WOODFORDS,WFC,5755,38.769,-119.832,ALPINE,CARSON R,
WEST POINT,WPT,2775,38.377,-120.545,CALAVERAS,MOKELUMNE R,
WEST WALKER RIVER NR COLEVILLE,WWR,6591,38.378,-119.449,MONO,WALKER R,
WHALAN,WHN,5400,41.15,-122.45,TRINITY,TRINITY R,
WHALE ROCK,WHR,233,35.45,-120.883,SAN LUIS OBISPO,SALINAS R,
WHEELER LAKE,WHE,7800,38.518,-119.985,ALPINE,MOKELUMNE R,
WHISKEYTOWN DAM (OBSERVER),WHK,1220,40.6,-122.55,SHASTA,SACRAMENTO R,
WHISKEYTOWN DAM (USBR),WHI,1210,40.598,-122.537,SHASTA,SACRAMENTO R,
WILLOW FLAT,WLF,8250,38.275,-119.45,MONO,WALKER R,
WILMA LAKE,WLW,8000,38.083,-119.633,TUOLUMNE,TUOLUMNE R,
WISHON,WSN,6560,37.005,-118.969,FRESNO,KINGS R,
WISHON DAM (PG&E),WSD,6550,37.003,-118.986,FRESNO,KINGS R,
WOLFORD CABIN,WLC,6150,41.2,-122.833,TRINITY,TRINITY R,
WOODCHUCK MEADOW,WDH,8800,37.025,-118.908,FRESNO,KINGS R,
WOODLAND 1 WNW,WDL,69,38.683,-121.8,YOLO,SACTO VLY WEST,
WRIGHTS LAKE,WRG,6900,38.847,-120.233,EL DORADO,AMERICAN R,
YOSEMITE HEADQUARTERS,YSV,3966,37.74,-119.583,MARIPOSA,MERCED R,
YREKA,YRK,2625,41.7,-122.633,SISKIYOU,KLAMATH R,
YUBA PASS,YBP,6700,39.617,-120.492,SIERRA,YUBA R,
YUBA RIVER NEAR SMARTVILLE,YRS,280,39.235172,-121.274124,YUBA,YUBA R,